date,balance,date_norm,balance_norm
2001-01-01,120,0.001,1
2001-01-02,120,0.001,1
2001-01-03,120,0.002,1
2001-01-04,120,0.002,1
2001-01-05,120,0.003,1
2001-01-06,120,0.003,1
2001-01-07,120,0.004,1
2001-01-08,120,0.004,1
2001-01-09,120,0.005,1
2001-01-10,120,0.005,1
2001-01-11,120,0.006,1
2001-01-12,120,0.007,1
2001-01-13,120,0.007,1
2001-01-14,120,0.008,1
2001-01-15,120,0.008,1
2001-01-16,120,0.009,1
2001-01-17,120,0.009,1
2001-01-18,120,0.01,1
2001-01-19,120,0.01,1
2001-01-20,120,0.011,1
2001-01-21,120,0.011,1
2001-01-22,120,0.012,1
2001-01-23,120,0.013,1
2001-01-24,120,0.013,1
2001-01-25,120,0.014,1
2001-01-26,120,0.014,1
2001-01-27,120,0.015,1
2001-01-28,120,0.015,1
2001-01-29,120,0.016,1
2001-01-30,120,0.016,1
2001-01-31,120,0.017,1
2001-02-01,120,0.018,1
2001-02-02,120,0.018,1
2001-02-03,120,0.019,1
2001-02-04,120,0.019,1
2001-02-05,120,0.02,1
2001-02-06,120,0.02,1
2001-02-07,120,0.021,1
2001-02-08,120,0.021,1
2001-02-09,120,0.022,1
2001-02-10,120,0.022,1
2001-02-11,120,0.023,1
2001-02-12,120,0.024,1
2001-02-13,120,0.024,1
2001-02-14,120,0.025,1
2001-02-15,120,0.025,1
2001-02-16,120,0.026,1
2001-02-17,120,0.026,1
2001-02-18,120,0.027,1
2001-02-19,120,0.027,1
2001-02-20,120,0.028,1
2001-02-21,120,0.028,1
2001-02-22,120,0.029,1
2001-02-23,120,0.03,1
2001-02-24,120,0.03,1
2001-02-25,120,0.031,1
2001-02-26,120,0.031,1
2001-02-27,120,0.032,1
2001-02-28,120,0.032,1
2001-03-01,120,0.033,1
2001-03-02,120,0.033,1
2001-03-03,120,0.034,1
2001-03-04,120,0.034,1
2001-03-05,120,0.035,1
2001-03-06,120,0.036,1
2001-03-07,120,0.036,1
2001-03-08,120,0.037,1
2001-03-09,120,0.037,1
2001-03-10,120,0.038,1
2001-03-11,120,0.038,1
2001-03-12,120,0.039,1
2001-03-13,120,0.039,1
2001-03-14,120,0.04,1
2001-03-15,120,0.041,1
2001-03-16,120,0.041,1
2001-03-17,120,0.042,1
2001-03-18,120,0.042,1
2001-03-19,120,0.043,1
2001-03-20,120,0.043,1
2001-03-21,120,0.044,1
2001-03-22,120,0.044,1
2001-03-23,120,0.045,1
2001-03-24,120,0.045,1
2001-03-25,120,0.046,1
2001-03-26,120,0.047,1
2001-03-27,120,0.047,1
2001-03-28,120,0.048,1
2001-03-29,120,0.048,1
2001-03-30,120,0.049,1
2001-03-31,120,0.049,1
2001-04-01,120,0.05,1
2001-04-02,120,0.05,1
2001-04-03,120,0.051,1
2001-04-04,120,0.051,1
2001-04-05,120,0.052,1
2001-04-06,120,0.053,1
2001-04-07,120,0.053,1
2001-04-08,120,0.054,1
2001-04-09,120,0.054,1
2001-04-10,120,0.055,1
2001-04-11,120,0.055,1
2001-04-12,120,0.056,1
2001-04-13,120,0.056,1
2001-04-14,120,0.057,1
2001-04-15,120,0.057,1
2001-04-16,120,0.058,1
2001-04-17,120,0.059,1
2001-04-18,120,0.059,1
2001-04-19,120,0.06,1
2001-04-20,120,0.06,1
2001-04-21,120,0.061,1
2001-04-22,120,0.061,1
2001-04-23,120,0.062,1
2001-04-24,120,0.062,1
2001-04-25,120,0.063,1
2001-04-26,120,0.063,1
2001-04-27,120,0.064,1
2001-04-28,120,0.065,1
2001-04-29,120,0.065,1
2001-04-30,120,0.066,1
2001-05-01,120,0.066,1
2001-05-02,120,0.067,1
2001-05-03,120,0.067,1
2001-05-04,120,0.068,1
2001-05-05,120,0.068,1
2001-05-06,120,0.069,1
2001-05-07,120,0.07,1
2001-05-08,120,0.07,1
2001-05-09,120,0.071,1
2001-05-10,120,0.071,1
2001-05-11,120,0.072,1
2001-05-12,120,0.072,1
2001-05-13,120,0.073,1
2001-05-14,120,0.073,1
2001-05-15,120,0.074,1
2001-05-16,120,0.074,1
2001-05-17,120,0.075,1
2001-05-18,120,0.076,1
2001-05-19,120,0.076,1
2001-05-20,120,0.077,1
2001-05-21,120,0.077,1
2001-05-22,120,0.078,1
2001-05-23,120,0.078,1
2001-05-24,120,0.079,1
2001-05-25,120,0.079,1
2001-05-26,120,0.08,1
2001-05-27,120,0.08,1
2001-05-28,120,0.081,1
2001-05-29,120,0.082,1
2001-05-30,120,0.082,1
2001-05-31,120,0.083,1
2001-06-01,120,0.083,1
2001-06-02,120,0.084,1
2001-06-03,120,0.084,1
2001-06-04,120,0.085,1
2001-06-05,120,0.085,1
2001-06-06,120,0.086,1
2001-06-07,120,0.086,1
2001-06-08,120,0.087,1
2001-06-09,120,0.088,1
2001-06-10,120,0.088,1
2001-06-11,120,0.089,1
2001-06-12,120,0.089,1
2001-06-13,120,0.09,1
2001-06-14,120,0.09,1
2001-06-15,120,0.091,1
2001-06-16,120,0.091,1
2001-06-17,120,0.092,1
2001-06-18,120,0.093,1
2001-06-19,120,0.093,1
2001-06-20,120,0.094,1
2001-06-21,120,0.094,1
2001-06-22,120,0.095,1
2001-06-23,120,0.095,1
2001-06-24,120,0.096,1
2001-06-25,120,0.096,1
2001-06-26,120,0.097,1
2001-06-27,120,0.097,1
2001-06-28,120,0.098,1
2001-06-29,120,0.099,1
2001-06-30,120,0.099,1
2001-07-01,120,0.1,1
2001-07-02,120,0.1,1
2001-07-03,120,0.101,1
2001-07-04,120,0.101,1
2001-07-05,120,0.102,1
2001-07-06,120,0.102,1
2001-07-07,120,0.103,1
2001-07-08,120,0.103,1
2001-07-09,120,0.104,1
2001-07-10,120,0.105,1
2001-07-11,120,0.105,1
2001-07-12,120,0.106,1
2001-07-13,120,0.106,1
2001-07-14,120,0.107,1
2001-07-15,120,0.107,1
2001-07-16,120,0.108,1
2001-07-17,120,0.108,1
2001-07-18,120,0.109,1
2001-07-19,120,0.109,1
2001-07-20,120,0.11,1
2001-07-21,120,0.111,1
2001-07-22,120,0.111,1
2001-07-23,120,0.112,1
2001-07-24,120,0.112,1
2001-07-25,120,0.113,1
2001-07-26,120,0.113,1
2001-07-27,120,0.114,1
2001-07-28,120,0.114,1
2001-07-29,120,0.115,1
2001-07-30,120,0.115,1
2001-07-31,120,0.116,1
2001-08-01,120,0.117,1
2001-08-02,120,0.117,1
2001-08-03,120,0.118,1
2001-08-04,120,0.118,1
2001-08-05,120,0.119,1
2001-08-06,120,0.119,1
2001-08-07,120,0.12,1
2001-08-08,120,0.12,1
2001-08-09,120,0.121,1
2001-08-10,120,0.122,1
2001-08-11,120,0.122,1
2001-08-12,120,0.123,1
2001-08-13,120,0.123,1
2001-08-14,120,0.124,1
2001-08-15,120,0.124,1
2001-08-16,120,0.125,1
2001-08-17,120,0.125,1
2001-08-18,120,0.126,1
2001-08-19,120,0.126,1
2001-08-20,120,0.127,1
2001-08-21,120,0.128,1
2001-08-22,120,0.128,1
2001-08-23,120,0.129,1
2001-08-24,120,0.129,1
2001-08-25,120,0.13,1
2001-08-26,120,0.13,1
2001-08-27,120,0.131,1
2001-08-28,120,0.131,1
2001-08-29,120,0.132,1
2001-08-30,120,0.132,1
2001-08-31,120,0.133,1
2001-09-01,120,0.134,1
2001-09-02,120,0.134,1
2001-09-03,120,0.135,1
2001-09-04,120,0.135,1
2001-09-05,120,0.136,1
2001-09-06,120,0.136,1
2001-09-07,120,0.137,1
2001-09-08,120,0.137,1
2001-09-09,120,0.138,1
2001-09-10,120,0.138,1
2001-09-11,120,0.139,1
2001-09-12,120,0.14,1
2001-09-13,120,0.14,1
2001-09-14,120,0.141,1
2001-09-15,120,0.141,1
2001-09-16,120,0.142,1
2001-09-17,120,0.142,1
2001-09-18,120,0.143,1
2001-09-19,120,0.143,1
2001-09-20,120,0.144,1
2001-09-21,120,0.144,1
2001-09-22,120,0.145,1
2001-09-23,120,0.146,1
2001-09-24,120,0.146,1
2001-09-25,120,0.147,1
2001-09-26,120,0.147,1
2001-09-27,120,0.148,1
2001-09-28,120,0.148,1
2001-09-29,120,0.149,1
2001-09-30,120,0.149,1
2001-10-01,120,0.15,1
2001-10-02,120,0.151,1
2001-10-03,120,0.151,1
2001-10-04,120,0.152,1
2001-10-05,120,0.152,1
2001-10-06,120,0.153,1
2001-10-07,120,0.153,1
2001-10-08,120,0.154,1
2001-10-09,120,0.154,1
2001-10-10,120,0.155,1
2001-10-11,120,0.155,1
2001-10-12,120,0.156,1
2001-10-13,120,0.157,1
2001-10-14,120,0.157,1
2001-10-15,120,0.158,1
2001-10-16,120,0.158,1
2001-10-17,120,0.159,1
2001-10-18,120,0.159,1
2001-10-19,120,0.16,1
2001-10-20,120,0.16,1
2001-10-21,120,0.161,1
2001-10-22,120,0.161,1
2001-10-23,120,0.162,1
2001-10-24,120,0.163,1
2001-10-25,120,0.163,1
2001-10-26,120,0.164,1
2001-10-27,120,0.164,1
2001-10-28,120,0.165,1
2001-10-29,120,0.165,1
2001-10-30,120,0.166,1
2001-10-31,120,0.166,1
2001-11-01,120,0.167,1
2001-11-02,120,0.167,1
2001-11-03,120,0.168,1
2001-11-04,120,0.169,1
2001-11-05,120,0.169,1
2001-11-06,120,0.17,1
2001-11-07,120,0.17,1
2001-11-08,120,0.171,1
2001-11-09,120,0.171,1
2001-11-10,120,0.172,1
2001-11-11,120,0.172,1
2001-11-12,120,0.173,1
2001-11-13,120,0.174,1
2001-11-14,120,0.174,1
2001-11-15,120,0.175,1
2001-11-16,120,0.175,1
2001-11-17,120,0.176,1
2001-11-18,120,0.176,1
2001-11-19,120,0.177,1
2001-11-20,120,0.177,1
2001-11-21,120,0.178,1
2001-11-22,120,0.178,1
2001-11-23,120,0.179,1
2001-11-24,120,0.18,1
2001-11-25,120,0.18,1
2001-11-26,120,0.181,1
2001-11-27,120,0.181,1
2001-11-28,120,0.182,1
2001-11-29,120,0.182,1
2001-11-30,120,0.183,1
2001-12-01,120,0.183,1
2001-12-02,120,0.184,1
2001-12-03,120,0.184,1
2001-12-04,120,0.185,1
2001-12-05,120,0.186,1
2001-12-06,120,0.186,1
2001-12-07,120,0.187,1
2001-12-08,120,0.187,1
2001-12-09,120,0.188,1
2001-12-10,120,0.188,1
2001-12-11,120,0.189,1
2001-12-12,120,0.189,1
2001-12-13,120,0.19,1
2001-12-14,120,0.19,1
2001-12-15,120,0.191,1
2001-12-16,120,0.192,1
2001-12-17,120,0.192,1
2001-12-18,120,0.193,1
2001-12-19,120,0.193,1
2001-12-20,120,0.194,1
2001-12-21,120,0.194,1
2001-12-22,120,0.195,1
2001-12-23,120,0.195,1
2001-12-24,120,0.196,1
2001-12-25,120,0.196,1
2001-12-26,120,0.197,1
2001-12-27,120,0.198,1
2001-12-28,120,0.198,1
2001-12-29,120,0.199,1
2001-12-30,120,0.199,1
2001-12-31,120,0.2,1
2002-01-01,120,0.2,1
2002-01-02,120,0.201,1
2002-01-03,120,0.201,1
2002-01-04,120,0.202,1
2002-01-05,120,0.203,1
2002-01-06,120,0.203,1
2002-01-07,120,0.204,1
2002-01-08,120,0.204,1
2002-01-09,120,0.205,1
2002-01-10,120,0.205,1
2002-01-11,120,0.206,1
2002-01-12,120,0.206,1
2002-01-13,120,0.207,1
2002-01-14,120,0.207,1
2002-01-15,120,0.208,1
2002-01-16,120,0.209,1
2002-01-17,120,0.209,1
2002-01-18,120,0.21,1
2002-01-19,120,0.21,1
2002-01-20,120,0.211,1
2002-01-21,120,0.211,1
2002-01-22,120,0.212,1
2002-01-23,120,0.212,1
2002-01-24,120,0.213,1
2002-01-25,120,0.213,1
2002-01-26,120,0.214,1
2002-01-27,120,0.215,1
2002-01-28,120,0.215,1
2002-01-29,120,0.216,1
2002-01-30,120,0.216,1
2002-01-31,120,0.217,1
2002-02-01,120,0.217,1
2002-02-02,120,0.218,1
2002-02-03,120,0.218,1
2002-02-04,120,0.219,1
2002-02-05,120,0.219,1
2002-02-06,120,0.22,1
2002-02-07,120,0.221,1
2002-02-08,120,0.221,1
2002-02-09,120,0.222,1
2002-02-10,120,0.222,1
2002-02-11,120,0.223,1
2002-02-12,120,0.223,1
2002-02-13,120,0.224,1
2002-02-14,120,0.224,1
2002-02-15,120,0.225,1
2002-02-16,120,0.226,1
2002-02-17,120,0.226,1
2002-02-18,120,0.227,1
2002-02-19,120,0.227,1
2002-02-20,120,0.228,1
2002-02-21,120,0.228,1
2002-02-22,120,0.229,1
2002-02-23,120,0.229,1
2002-02-24,120,0.23,1
2002-02-25,120,0.23,1
2002-02-26,120,0.231,1
2002-02-27,120,0.232,1
2002-02-28,120,0.232,1
2002-03-01,120,0.233,1
2002-03-02,120,0.233,1
2002-03-03,120,0.234,1
2002-03-04,120,0.234,1
2002-03-05,120,0.235,1
2002-03-06,120,0.235,1
2002-03-07,120,0.236,1
2002-03-08,120,0.236,1
2002-03-09,120,0.237,1
2002-03-10,120,0.238,1
2002-03-11,120,0.238,1
2002-03-12,120,0.239,1
2002-03-13,120,0.239,1
2002-03-14,120,0.24,1
2002-03-15,120,0.24,1
2002-03-16,120,0.241,1
2002-03-17,120,0.241,1
2002-03-18,120,0.242,1
2002-03-19,120,0.242,1
2002-03-20,120,0.243,1
2002-03-21,120,0.244,1
2002-03-22,120,0.244,1
2002-03-23,120,0.245,1
2002-03-24,120,0.245,1
2002-03-25,120,0.246,1
2002-03-26,120,0.246,1
2002-03-27,120,0.247,1
2002-03-28,120,0.247,1
2002-03-29,120,0.248,1
2002-03-30,120,0.248,1
2002-03-31,120,0.249,1
2002-04-01,120,0.25,1
2002-04-02,120,0.25,1
2002-04-03,120,0.251,1
2002-04-04,120,0.251,1
2002-04-05,120,0.252,1
2002-04-06,120,0.252,1
2002-04-07,120,0.253,1
2002-04-08,120,0.253,1
2002-04-09,120,0.254,1
2002-04-10,120,0.255,1
2002-04-11,120,0.255,1
2002-04-12,120,0.256,1
2002-04-13,120,0.256,1
2002-04-14,120,0.257,1
2002-04-15,120,0.257,1
2002-04-16,120,0.258,1
2002-04-17,120,0.258,1
2002-04-18,120,0.259,1
2002-04-19,120,0.259,1
2002-04-20,120,0.26,1
2002-04-21,120,0.261,1
2002-04-22,120,0.261,1
2002-04-23,120,0.262,1
2002-04-24,120,0.262,1
2002-04-25,120,0.263,1
2002-04-26,120,0.263,1
2002-04-27,120,0.264,1
2002-04-28,120,0.264,1
2002-04-29,120,0.265,1
2002-04-30,120,0.265,1
2002-05-01,120,0.266,1
2002-05-02,120,0.267,1
2002-05-03,120,0.267,1
2002-05-04,120,0.268,1
2002-05-05,120,0.268,1
2002-05-06,120,0.269,1
2002-05-07,120,0.269,1
2002-05-08,120,0.27,1
2002-05-09,120,0.27,1
2002-05-10,120,0.271,1
2002-05-11,120,0.271,1
2002-05-12,120,0.272,1
2002-05-13,120,0.273,1
2002-05-14,120,0.273,1
2002-05-15,120,0.274,1
2002-05-16,120,0.274,1
2002-05-17,120,0.275,1
2002-05-18,120,0.275,1
2002-05-19,120,0.276,1
2002-05-20,120,0.276,1
2002-05-21,120,0.277,1
2002-05-22,120,0.278,1
2002-05-23,120,0.278,1
2002-05-24,120,0.279,1
2002-05-25,120,0.279,1
2002-05-26,120,0.28,1
2002-05-27,120,0.28,1
2002-05-28,120,0.281,1
2002-05-29,120,0.281,1
2002-05-30,120,0.282,1
2002-05-31,120,0.282,1
2002-06-01,120,0.283,1
2002-06-02,120,0.284,1
2002-06-03,120,0.284,1
2002-06-04,120,0.285,1
2002-06-05,120,0.285,1
2002-06-06,120,0.286,1
2002-06-07,120,0.286,1
2002-06-08,120,0.287,1
2002-06-09,120,0.287,1
2002-06-10,120,0.288,1
2002-06-11,120,0.288,1
2002-06-12,120,0.289,1
2002-06-13,120,0.29,1
2002-06-14,120,0.29,1
2002-06-15,120,0.291,1
2002-06-16,120,0.291,1
2002-06-17,120,0.292,1
2002-06-18,120,0.292,1
2002-06-19,120,0.293,1
2002-06-20,120,0.293,1
2002-06-21,120,0.294,1
2002-06-22,120,0.294,1
2002-06-23,120,0.295,1
2002-06-24,120,0.296,1
2002-06-25,120,0.296,1
2002-06-26,120,0.297,1
2002-06-27,120,0.297,1
2002-06-28,120,0.298,1
2002-06-29,120,0.298,1
2002-06-30,120,0.299,1
2002-07-01,120,0.299,1
2002-07-02,120,0.3,1
2002-07-03,120,0.3,1
2002-07-04,120,0.301,1
2002-07-05,120,0.302,1
2002-07-06,120,0.302,1
2002-07-07,120,0.303,1
2002-07-08,120,0.303,1
2002-07-09,120,0.304,1
2002-07-10,120,0.304,1
2002-07-11,120,0.305,1
2002-07-12,120,0.305,1
2002-07-13,120,0.306,1
2002-07-14,120,0.307,1
2002-07-15,120,0.307,1
2002-07-16,120,0.308,1
2002-07-17,120,0.308,1
2002-07-18,120,0.309,1
2002-07-19,120,0.309,1
2002-07-20,120,0.31,1
2002-07-21,120,0.31,1
2002-07-22,120,0.311,1
2002-07-23,120,0.311,1
2002-07-24,120,0.312,1
2002-07-25,120,0.313,1
2002-07-26,120,0.313,1
2002-07-27,120,0.314,1
2002-07-28,120,0.314,1
2002-07-29,120,0.315,1
2002-07-30,120,0.315,1
2002-07-31,120,0.316,1
2002-08-01,120,0.316,1
2002-08-02,120,0.317,1
2002-08-03,120,0.317,1
2002-08-04,120,0.318,1
2002-08-05,120,0.319,1
2002-08-06,120,0.319,1
2002-08-07,120,0.32,1
2002-08-08,120,0.32,1
2002-08-09,120,0.321,1
2002-08-10,120,0.321,1
2002-08-11,120,0.322,1
2002-08-12,120,0.322,1
2002-08-13,120,0.323,1
2002-08-14,120,0.323,1
2002-08-15,120,0.324,1
2002-08-16,120,0.325,1
2002-08-17,120,0.325,1
2002-08-18,120,0.326,1
2002-08-19,120,0.326,1
2002-08-20,120,0.327,1
2002-08-21,120,0.327,1
2002-08-22,120,0.328,1
2002-08-23,120,0.328,1
2002-08-24,120,0.329,1
2002-08-25,120,0.33,1
2002-08-26,120,0.33,1
2002-08-27,120,0.331,1
2002-08-28,120,0.331,1
2002-08-29,120,0.332,1
2002-08-30,120,0.332,1
2002-08-31,120,0.333,1
2002-09-01,120,0.333,1
2002-09-02,120,0.334,1
2002-09-03,120,0.334,1
2002-09-04,120,0.335,1
2002-09-05,120,0.336,1
2002-09-06,120,0.336,1
2002-09-07,120,0.337,1
2002-09-08,120,0.337,1
2002-09-09,120,0.338,1
2002-09-10,120,0.338,1
2002-09-11,120,0.339,1
2002-09-12,120,0.339,1
2002-09-13,120,0.34,1
2002-09-14,120,0.34,1
2002-09-15,120,0.341,1
2002-09-16,120,0.342,1
2002-09-17,120,0.342,1
2002-09-18,120,0.343,1
2002-09-19,120,0.343,1
2002-09-20,120,0.344,1
2002-09-21,120,0.344,1
2002-09-22,120,0.345,1
2002-09-23,120,0.345,1
2002-09-24,120,0.346,1
2002-09-25,120,0.346,1
2002-09-26,120,0.347,1
2002-09-27,120,0.348,1
2002-09-28,120,0.348,1
2002-09-29,120,0.349,1
2002-09-30,120,0.349,1
2002-10-01,120,0.35,1
2002-10-02,120,0.35,1
2002-10-03,120,0.351,1
2002-10-04,120,0.351,1
2002-10-05,120,0.352,1
2002-10-06,120,0.352,1
2002-10-07,120,0.353,1
2002-10-08,120,0.354,1
2002-10-09,120,0.354,1
2002-10-10,120,0.355,1
2002-10-11,120,0.355,1
2002-10-12,120,0.356,1
2002-10-13,120,0.356,1
2002-10-14,120,0.357,1
2002-10-15,120,0.357,1
2002-10-16,120,0.358,1
2002-10-17,120,0.359,1
2002-10-18,120,0.359,1
2002-10-19,120,0.36,1
2002-10-20,120,0.36,1
2002-10-21,120,0.361,1
2002-10-22,120,0.361,1
2002-10-23,120,0.362,1
2002-10-24,120,0.362,1
2002-10-25,120,0.363,1
2002-10-26,120,0.363,1
2002-10-27,120,0.364,1
2002-10-28,120,0.365,1
2002-10-29,120,0.365,1
2002-10-30,120,0.366,1
2002-10-31,120,0.366,1
2002-11-01,120,0.367,1
2002-11-02,120,0.367,1
2002-11-03,120,0.368,1
2002-11-04,120,0.368,1
2002-11-05,120,0.369,1
2002-11-06,120,0.369,1
2002-11-07,120,0.37,1
2002-11-08,120,0.371,1
2002-11-09,120,0.371,1
2002-11-10,120,0.372,1
2002-11-11,120,0.372,1
2002-11-12,120,0.373,1
2002-11-13,120,0.373,1
2002-11-14,120,0.374,1
2002-11-15,120,0.374,1
2002-11-16,120,0.375,1
2002-11-17,120,0.375,1
2002-11-18,120,0.376,1
2002-11-19,120,0.377,1
2002-11-20,120,0.377,1
2002-11-21,120,0.378,1
2002-11-22,120,0.378,1
2002-11-23,120,0.379,1
2002-11-24,120,0.379,1
2002-11-25,120,0.38,1
2002-11-26,120,0.38,1
2002-11-27,120,0.381,1
2002-11-28,120,0.381,1
2002-11-29,120,0.382,1
2002-11-30,120,0.383,1
2002-12-01,120,0.383,1
2002-12-02,120,0.384,1
2002-12-03,120,0.384,1
2002-12-04,120,0.385,1
2002-12-05,120,0.385,1
2002-12-06,120,0.386,1
2002-12-07,120,0.386,1
2002-12-08,120,0.387,1
2002-12-09,120,0.388,1
2002-12-10,120,0.388,1
2002-12-11,120,0.389,1
2002-12-12,120,0.389,1
2002-12-13,120,0.39,1
2002-12-14,120,0.39,1
2002-12-15,120,0.391,1
2002-12-16,120,0.391,1
2002-12-17,120,0.392,1
2002-12-18,120,0.392,1
2002-12-19,120,0.393,1
2002-12-20,120,0.394,1
2002-12-21,120,0.394,1
2002-12-22,120,0.395,1
2002-12-23,120,0.395,1
2002-12-24,120,0.396,1
2002-12-25,120,0.396,1
2002-12-26,120,0.397,1
2002-12-27,120,0.397,1
2002-12-28,120,0.398,1
2002-12-29,120,0.398,1
2002-12-30,120,0.399,1
2002-12-31,120,0.4,1
2003-01-01,120,0.4,1
2003-01-02,120,0.401,1
2003-01-03,120,0.401,1
2003-01-04,120,0.402,1
2003-01-05,120,0.402,1
2003-01-06,120,0.403,1
2003-01-07,120,0.403,1
2003-01-08,120,0.404,1
2003-01-09,120,0.404,1
2003-01-10,120,0.405,1
2003-01-11,120,0.406,1
2003-01-12,120,0.406,1
2003-01-13,120,0.407,1
2003-01-14,120,0.407,1
2003-01-15,120,0.408,1
2003-01-16,120,0.408,1
2003-01-17,120,0.409,1
2003-01-18,120,0.409,1
2003-01-19,120,0.41,1
2003-01-20,120,0.411,1
2003-01-21,120,0.411,1
2003-01-22,120,0.412,1
2003-01-23,120,0.412,1
2003-01-24,120,0.413,1
2003-01-25,120,0.413,1
2003-01-26,120,0.414,1
2003-01-27,120,0.414,1
2003-01-28,120,0.415,1
2003-01-29,120,0.415,1
2003-01-30,120,0.416,1
2003-01-31,120,0.417,1
2003-02-01,120,0.417,1
2003-02-02,120,0.418,1
2003-02-03,120,0.418,1
2003-02-04,120,0.419,1
2003-02-05,120,0.419,1
2003-02-06,120,0.42,1
2003-02-07,120,0.42,1
2003-02-08,120,0.421,1
2003-02-09,120,0.421,1
2003-02-10,120,0.422,1
2003-02-11,120,0.423,1
2003-02-12,120,0.423,1
2003-02-13,120,0.424,1
2003-02-14,120,0.424,1
2003-02-15,120,0.425,1
2003-02-16,120,0.425,1
2003-02-17,120,0.426,1
2003-02-18,120,0.426,1
2003-02-19,120,0.427,1
2003-02-20,120,0.427,1
2003-02-21,120,0.428,1
2003-02-22,120,0.429,1
2003-02-23,120,0.429,1
2003-02-24,120,0.43,1
2003-02-25,120,0.43,1
2003-02-26,120,0.431,1
2003-02-27,120,0.431,1
2003-02-28,120,0.432,1
2003-03-01,120,0.432,1
2003-03-02,120,0.433,1
2003-03-03,120,0.433,1
2003-03-04,120,0.434,1
2003-03-05,120,0.435,1
2003-03-06,120,0.435,1
2003-03-07,120,0.436,1
2003-03-08,120,0.436,1
2003-03-09,120,0.437,1
2003-03-10,120,0.437,1
2003-03-11,120,0.438,1
2003-03-12,120,0.438,1
2003-03-13,120,0.439,1
2003-03-14,120,0.44,1
2003-03-15,120,0.44,1
2003-03-16,120,0.441,1
2003-03-17,120,0.441,1
2003-03-18,120,0.442,1
2003-03-19,120,0.442,1
2003-03-20,120,0.443,1
2003-03-21,120,0.443,1
2003-03-22,120,0.444,1
2003-03-23,120,0.444,1
2003-03-24,120,0.445,1
2003-03-25,120,0.446,1
2003-03-26,120,0.446,1
2003-03-27,120,0.447,1
2003-03-28,120,0.447,1
2003-03-29,120,0.448,1
2003-03-30,120,0.448,1
2003-03-31,120,0.449,1
2003-04-01,120,0.449,1
2003-04-02,120,0.45,1
2003-04-03,120,0.45,1
2003-04-04,120,0.451,1
2003-04-05,120,0.452,1
2003-04-06,120,0.452,1
2003-04-07,120,0.453,1
2003-04-08,120,0.453,1
2003-04-09,120,0.454,1
2003-04-10,120,0.454,1
2003-04-11,120,0.455,1
2003-04-12,120,0.455,1
2003-04-13,120,0.456,1
2003-04-14,120,0.456,1
2003-04-15,120,0.457,1
2003-04-16,120,0.458,1
2003-04-17,120,0.458,1
2003-04-18,120,0.459,1
2003-04-19,120,0.459,1
2003-04-20,120,0.46,1
2003-04-21,120,0.46,1
2003-04-22,120,0.461,1
2003-04-23,120,0.461,1
2003-04-24,120,0.462,1
2003-04-25,120,0.463,1
2003-04-26,120,0.463,1
2003-04-27,120,0.464,1
2003-04-28,120,0.464,1
2003-04-29,120,0.465,1
2003-04-30,120,0.465,1
2003-05-01,120,0.466,1
2003-05-02,120,0.466,1
2003-05-03,120,0.467,1
2003-05-04,120,0.467,1
2003-05-05,120,0.468,1
2003-05-06,120,0.469,1
2003-05-07,120,0.469,1
2003-05-08,120,0.47,1
2003-05-09,120,0.47,1
2003-05-10,120,0.471,1
2003-05-11,120,0.471,1
2003-05-12,120,0.472,1
2003-05-13,120,0.472,1
2003-05-14,120,0.473,1
2003-05-15,120,0.473,1
2003-05-16,120,0.474,1
2003-05-17,120,0.475,1
2003-05-18,120,0.475,1
2003-05-19,120,0.476,1
2003-05-20,120,0.476,1
2003-05-21,120,0.477,1
2003-05-22,120,0.477,1
2003-05-23,120,0.478,1
2003-05-24,120,0.478,1
2003-05-25,120,0.479,1
2003-05-26,120,0.479,1
2003-05-27,120,0.48,1
2003-05-28,120,0.481,1
2003-05-29,120,0.481,1
2003-05-30,120,0.482,1
2003-05-31,120,0.482,1
2003-06-01,120,0.483,1
2003-06-02,120,0.483,1
2003-06-03,120,0.484,1
2003-06-04,120,0.484,1
2003-06-05,120,0.485,1
2003-06-06,120,0.485,1
2003-06-07,120,0.486,1
2003-06-08,120,0.487,1
2003-06-09,120,0.487,1
2003-06-10,120,0.488,1
2003-06-11,120,0.488,1
2003-06-12,120,0.489,1
2003-06-13,120,0.489,1
2003-06-14,120,0.49,1
2003-06-15,120,0.49,1
2003-06-16,120,0.491,1
2003-06-17,120,0.492,1
2003-06-18,120,0.492,1
2003-06-19,120,0.493,1
2003-06-20,120,0.493,1
2003-06-21,120,0.494,1
2003-06-22,120,0.494,1
2003-06-23,120,0.495,1
2003-06-24,120,0.495,1
2003-06-25,120,0.496,1
2003-06-26,120,0.496,1
2003-06-27,120,0.497,1
2003-06-28,120,0.498,1
2003-06-29,120,0.498,1
2003-06-30,120,0.499,1
2003-07-01,120,0.499,1
2003-07-02,120,0.5,1
2003-07-03,120,0.5,1
2003-07-04,120,0.501,1
2003-07-05,120,0.501,1
2003-07-06,120,0.502,1
2003-07-07,120,0.502,1
2003-07-08,120,0.503,1
2003-07-09,120,0.504,1
2003-07-10,120,0.504,1
2003-07-11,120,0.505,1
2003-07-12,120,0.505,1
2003-07-13,120,0.506,1
2003-07-14,120,0.506,1
2003-07-15,120,0.507,1
2003-07-16,120,0.507,1
2003-07-17,120,0.508,1
2003-07-18,120,0.508,1
2003-07-19,120,0.509,1
2003-07-20,120,0.51,1
2003-07-21,120,0.51,1
2003-07-22,120,0.511,1
2003-07-23,120,0.511,1
2003-07-24,120,0.512,1
2003-07-25,120,0.512,1
2003-07-26,120,0.513,1
2003-07-27,120,0.513,1
2003-07-28,120,0.514,1
2003-07-29,120,0.515,1
2003-07-30,120,0.515,1
2003-07-31,120,0.516,1
2003-08-01,120,0.516,1
2003-08-02,120,0.517,1
2003-08-03,120,0.517,1
2003-08-04,120,0.518,1
2003-08-05,120,0.518,1
2003-08-06,120,0.519,1
2003-08-07,120,0.519,1
2003-08-08,120,0.52,1
2003-08-09,120,0.521,1
2003-08-10,120,0.521,1
2003-08-11,120,0.522,1
2003-08-12,120,0.522,1
2003-08-13,120,0.523,1
2003-08-14,120,0.523,1
2003-08-15,120,0.524,1
2003-08-16,120,0.524,1
2003-08-17,120,0.525,1
2003-08-18,120,0.525,1
2003-08-19,120,0.526,1
2003-08-20,120,0.527,1
2003-08-21,120,0.527,1
2003-08-22,120,0.528,1
2003-08-23,120,0.528,1
2003-08-24,120,0.529,1
2003-08-25,120,0.529,1
2003-08-26,120,0.53,1
2003-08-27,120,0.53,1
2003-08-28,120,0.531,1
2003-08-29,120,0.531,1
2003-08-30,120,0.532,1
2003-08-31,120,0.533,1
2003-09-01,120,0.533,1
2003-09-02,120,0.534,1
2003-09-03,120,0.534,1
2003-09-04,120,0.535,1
2003-09-05,120,0.535,1
2003-09-06,120,0.536,1
2003-09-07,120,0.536,1
2003-09-08,120,0.537,1
2003-09-09,120,0.537,1
2003-09-10,120,0.538,1
2003-09-11,120,0.539,1
2003-09-12,120,0.539,1
2003-09-13,120,0.54,1
2003-09-14,120,0.54,1
2003-09-15,120,0.541,1
2003-09-16,120,0.541,1
2003-09-17,120,0.542,1
2003-09-18,120,0.542,1
2003-09-19,120,0.543,1
2003-09-20,120,0.544,1
2003-09-21,120,0.544,1
2003-09-22,120,0.545,1
2003-09-23,120,0.545,1
2003-09-24,120,0.546,1
2003-09-25,120,0.546,1
2003-09-26,120,0.547,1
2003-09-27,120,0.547,1
2003-09-28,120,0.548,1
2003-09-29,120,0.548,1
2003-09-30,120,0.549,1
2003-10-01,120,0.55,1
2003-10-02,120,0.55,1
2003-10-03,120,0.551,1
2003-10-04,120,0.551,1
2003-10-05,120,0.552,1
2003-10-06,120,0.552,1
2003-10-07,120,0.553,1
2003-10-08,120,0.553,1
2003-10-09,120,0.554,1
2003-10-10,120,0.554,1
2003-10-11,120,0.555,1
2003-10-12,120,0.556,1
2003-10-13,120,0.556,1
2003-10-14,120,0.557,1
2003-10-15,120,0.557,1
2003-10-16,120,0.558,1
2003-10-17,120,0.558,1
2003-10-18,120,0.559,1
2003-10-19,120,0.559,1
2003-10-20,120,0.56,1
2003-10-21,120,0.56,1
2003-10-22,120,0.561,1
2003-10-23,120,0.562,1
2003-10-24,120,0.562,1
2003-10-25,120,0.563,1
2003-10-26,120,0.563,1
2003-10-27,120,0.564,1
2003-10-28,120,0.564,1
2003-10-29,120,0.565,1
2003-10-30,120,0.565,1
2003-10-31,120,0.566,1
2003-11-01,120,0.567,1
2003-11-02,120,0.567,1
2003-11-03,120,0.568,1
2003-11-04,120,0.568,1
2003-11-05,120,0.569,1
2003-11-06,120,0.569,1
2003-11-07,120,0.57,1
2003-11-08,120,0.57,1
2003-11-09,120,0.571,1
2003-11-10,120,0.571,1
2003-11-11,120,0.572,1
2003-11-12,120,0.573,1
2003-11-13,120,0.573,1
2003-11-14,120,0.574,1
2003-11-15,120,0.574,1
2003-11-16,120,0.575,1
2003-11-17,120,0.575,1
2003-11-18,120,0.576,1
2003-11-19,120,0.576,1
2003-11-20,120,0.577,1
2003-11-21,120,0.577,1
2003-11-22,120,0.578,1
2003-11-23,120,0.579,1
2003-11-24,120,0.579,1
2003-11-25,120,0.58,1
2003-11-26,120,0.58,1
2003-11-27,120,0.581,1
2003-11-28,120,0.581,1
2003-11-29,120,0.582,1
2003-11-30,120,0.582,1
2003-12-01,120,0.583,1
2003-12-02,120,0.583,1
2003-12-03,120,0.584,1
2003-12-04,120,0.585,1
2003-12-05,120,0.585,1
2003-12-06,120,0.586,1
2003-12-07,120,0.586,1
2003-12-08,120,0.587,1
2003-12-09,120,0.587,1
2003-12-10,120,0.588,1
2003-12-11,120,0.588,1
2003-12-12,120,0.589,1
2003-12-13,120,0.589,1
2003-12-14,120,0.59,1
2003-12-15,120,0.591,1
2003-12-16,120,0.591,1
2003-12-17,120,0.592,1
2003-12-18,120,0.592,1
2003-12-19,120,0.593,1
2003-12-20,120,0.593,1
2003-12-21,120,0.594,1
2003-12-22,120,0.594,1
2003-12-23,120,0.595,1
2003-12-24,120,0.596,1
2003-12-25,120,0.596,1
2003-12-26,120,0.597,1
2003-12-27,120,0.597,1
2003-12-28,120,0.598,1
2003-12-29,120,0.598,1
2003-12-30,120,0.599,1
2003-12-31,120,0.599,1
2004-01-01,80,0.6,0.666666667
2004-01-02,80,0.6,0.666666667
2004-01-03,80,0.601,0.666666667
2004-01-04,80,0.602,0.666666667
2004-01-05,80,0.602,0.666666667
2004-01-06,80,0.603,0.666666667
2004-01-07,80,0.603,0.666666667
2004-01-08,80,0.604,0.666666667
2004-01-09,80,0.604,0.666666667
2004-01-10,80,0.605,0.666666667
2004-01-11,80,0.605,0.666666667
2004-01-12,80,0.606,0.666666667
2004-01-13,80,0.606,0.666666667
2004-01-14,80,0.607,0.666666667
2004-01-15,80,0.608,0.666666667
2004-01-16,80,0.608,0.666666667
2004-01-17,80,0.609,0.666666667
2004-01-18,80,0.609,0.666666667
2004-01-19,80,0.61,0.666666667
2004-01-20,80,0.61,0.666666667
2004-01-21,80,0.611,0.666666667
2004-01-22,80,0.611,0.666666667
2004-01-23,80,0.612,0.666666667
2004-01-24,80,0.612,0.666666667
2004-01-25,80,0.613,0.666666667
2004-01-26,80,0.614,0.666666667
2004-01-27,80,0.614,0.666666667
2004-01-28,80,0.615,0.666666667
2004-01-29,80,0.615,0.666666667
2004-01-30,80,0.616,0.666666667
2004-01-31,80,0.616,0.666666667
2004-02-01,80,0.617,0.666666667
2004-02-02,80,0.617,0.666666667
2004-02-03,80,0.618,0.666666667
2004-02-04,80,0.619,0.666666667
2004-02-05,80,0.619,0.666666667
2004-02-06,80,0.62,0.666666667
2004-02-07,80,0.62,0.666666667
2004-02-08,80,0.621,0.666666667
2004-02-09,80,0.621,0.666666667
2004-02-10,80,0.622,0.666666667
2004-02-11,80,0.622,0.666666667
2004-02-12,80,0.623,0.666666667
2004-02-13,80,0.623,0.666666667
2004-02-14,80,0.624,0.666666667
2004-02-15,80,0.625,0.666666667
2004-02-16,80,0.625,0.666666667
2004-02-17,80,0.626,0.666666667
2004-02-18,80,0.626,0.666666667
2004-02-19,80,0.627,0.666666667
2004-02-20,80,0.627,0.666666667
2004-02-21,80,0.628,0.666666667
2004-02-22,80,0.628,0.666666667
2004-02-23,80,0.629,0.666666667
2004-02-24,80,0.629,0.666666667
2004-02-25,80,0.63,0.666666667
2004-02-26,80,0.631,0.666666667
2004-02-27,80,0.631,0.666666667
2004-02-28,80,0.632,0.666666667
2004-02-29,80,0.632,0.666666667
2004-03-01,80,0.633,0.666666667
2004-03-02,80,0.633,0.666666667
2004-03-03,80,0.634,0.666666667
2004-03-04,80,0.634,0.666666667
2004-03-05,80,0.635,0.666666667
2004-03-06,80,0.635,0.666666667
2004-03-07,80,0.636,0.666666667
2004-03-08,80,0.637,0.666666667
2004-03-09,80,0.637,0.666666667
2004-03-10,80,0.638,0.666666667
2004-03-11,80,0.638,0.666666667
2004-03-12,80,0.639,0.666666667
2004-03-13,80,0.639,0.666666667
2004-03-14,80,0.64,0.666666667
2004-03-15,80,0.64,0.666666667
2004-03-16,80,0.641,0.666666667
2004-03-17,80,0.641,0.666666667
2004-03-18,80,0.642,0.666666667
2004-03-19,80,0.643,0.666666667
2004-03-20,80,0.643,0.666666667
2004-03-21,80,0.644,0.666666667
2004-03-22,80,0.644,0.666666667
2004-03-23,80,0.645,0.666666667
2004-03-24,80,0.645,0.666666667
2004-03-25,80,0.646,0.666666667
2004-03-26,80,0.646,0.666666667
2004-03-27,80,0.647,0.666666667
2004-03-28,80,0.648,0.666666667
2004-03-29,80,0.648,0.666666667
2004-03-30,80,0.649,0.666666667
2004-03-31,80,0.649,0.666666667
2004-04-01,80,0.65,0.666666667
2004-04-02,80,0.65,0.666666667
2004-04-03,80,0.651,0.666666667
2004-04-04,80,0.651,0.666666667
2004-04-05,80,0.652,0.666666667
2004-04-06,80,0.652,0.666666667
2004-04-07,80,0.653,0.666666667
2004-04-08,80,0.654,0.666666667
2004-04-09,80,0.654,0.666666667
2004-04-10,80,0.655,0.666666667
2004-04-11,80,0.655,0.666666667
2004-04-12,80,0.656,0.666666667
2004-04-13,80,0.656,0.666666667
2004-04-14,80,0.657,0.666666667
2004-04-15,80,0.657,0.666666667
2004-04-16,80,0.658,0.666666667
2004-04-17,80,0.658,0.666666667
2004-04-18,80,0.659,0.666666667
2004-04-19,80,0.66,0.666666667
2004-04-20,80,0.66,0.666666667
2004-04-21,80,0.661,0.666666667
2004-04-22,80,0.661,0.666666667
2004-04-23,80,0.662,0.666666667
2004-04-24,80,0.662,0.666666667
2004-04-25,80,0.663,0.666666667
2004-04-26,80,0.663,0.666666667
2004-04-27,80,0.664,0.666666667
2004-04-28,80,0.664,0.666666667
2004-04-29,80,0.665,0.666666667
2004-04-30,80,0.666,0.666666667
2004-05-01,80,0.666,0.666666667
2004-05-02,80,0.667,0.666666667
2004-05-03,80,0.667,0.666666667
2004-05-04,80,0.668,0.666666667
2004-05-05,80,0.668,0.666666667
2004-05-06,80,0.669,0.666666667
2004-05-07,80,0.669,0.666666667
2004-05-08,80,0.67,0.666666667
2004-05-09,80,0.67,0.666666667
2004-05-10,80,0.671,0.666666667
2004-05-11,80,0.672,0.666666667
2004-05-12,80,0.672,0.666666667
2004-05-13,80,0.673,0.666666667
2004-05-14,80,0.673,0.666666667
2004-05-15,80,0.674,0.666666667
2004-05-16,80,0.674,0.666666667
2004-05-17,80,0.675,0.666666667
2004-05-18,80,0.675,0.666666667
2004-05-19,80,0.676,0.666666667
2004-05-20,80,0.677,0.666666667
2004-05-21,80,0.677,0.666666667
2004-05-22,80,0.678,0.666666667
2004-05-23,80,0.678,0.666666667
2004-05-24,80,0.679,0.666666667
2004-05-25,80,0.679,0.666666667
2004-05-26,80,0.68,0.666666667
2004-05-27,80,0.68,0.666666667
2004-05-28,80,0.681,0.666666667
2004-05-29,80,0.681,0.666666667
2004-05-30,80,0.682,0.666666667
2004-05-31,80,0.683,0.666666667
2004-06-01,80,0.683,0.666666667
2004-06-02,80,0.684,0.666666667
2004-06-03,80,0.684,0.666666667
2004-06-04,80,0.685,0.666666667
2004-06-05,80,0.685,0.666666667
2004-06-06,80,0.686,0.666666667
2004-06-07,80,0.686,0.666666667
2004-06-08,80,0.687,0.666666667
2004-06-09,80,0.687,0.666666667
2004-06-10,80,0.688,0.666666667
2004-06-11,80,0.689,0.666666667
2004-06-12,80,0.689,0.666666667
2004-06-13,80,0.69,0.666666667
2004-06-14,80,0.69,0.666666667
2004-06-15,80,0.691,0.666666667
2004-06-16,80,0.691,0.666666667
2004-06-17,80,0.692,0.666666667
2004-06-18,80,0.692,0.666666667
2004-06-19,80,0.693,0.666666667
2004-06-20,80,0.693,0.666666667
2004-06-21,80,0.694,0.666666667
2004-06-22,80,0.695,0.666666667
2004-06-23,80,0.695,0.666666667
2004-06-24,80,0.696,0.666666667
2004-06-25,80,0.696,0.666666667
2004-06-26,80,0.697,0.666666667
2004-06-27,80,0.697,0.666666667
2004-06-28,80,0.698,0.666666667
2004-06-29,80,0.698,0.666666667
2004-06-30,80,0.699,0.666666667
2004-07-01,80,0.7,0.666666667
2004-07-02,80,0.7,0.666666667
2004-07-03,80,0.701,0.666666667
2004-07-04,80,0.701,0.666666667
2004-07-05,80,0.702,0.666666667
2004-07-06,80,0.702,0.666666667
2004-07-07,80,0.703,0.666666667
2004-07-08,80,0.703,0.666666667
2004-07-09,80,0.704,0.666666667
2004-07-10,80,0.704,0.666666667
2004-07-11,80,0.705,0.666666667
2004-07-12,80,0.706,0.666666667
2004-07-13,80,0.706,0.666666667
2004-07-14,80,0.707,0.666666667
2004-07-15,80,0.707,0.666666667
2004-07-16,80,0.708,0.666666667
2004-07-17,80,0.708,0.666666667
2004-07-18,80,0.709,0.666666667
2004-07-19,80,0.709,0.666666667
2004-07-20,80,0.71,0.666666667
2004-07-21,80,0.71,0.666666667
2004-07-22,80,0.711,0.666666667
2004-07-23,80,0.712,0.666666667
2004-07-24,80,0.712,0.666666667
2004-07-25,80,0.713,0.666666667
2004-07-26,80,0.713,0.666666667
2004-07-27,80,0.714,0.666666667
2004-07-28,80,0.714,0.666666667
2004-07-29,80,0.715,0.666666667
2004-07-30,80,0.715,0.666666667
2004-07-31,80,0.716,0.666666667
2004-08-01,80,0.716,0.666666667
2004-08-02,80,0.717,0.666666667
2004-08-03,80,0.718,0.666666667
2004-08-04,80,0.718,0.666666667
2004-08-05,80,0.719,0.666666667
2004-08-06,80,0.719,0.666666667
2004-08-07,80,0.72,0.666666667
2004-08-08,80,0.72,0.666666667
2004-08-09,80,0.721,0.666666667
2004-08-10,80,0.721,0.666666667
2004-08-11,80,0.722,0.666666667
2004-08-12,80,0.722,0.666666667
2004-08-13,80,0.723,0.666666667
2004-08-14,80,0.724,0.666666667
2004-08-15,80,0.724,0.666666667
2004-08-16,80,0.725,0.666666667
2004-08-17,80,0.725,0.666666667
2004-08-18,80,0.726,0.666666667
2004-08-19,80,0.726,0.666666667
2004-08-20,80,0.727,0.666666667
2004-08-21,80,0.727,0.666666667
2004-08-22,80,0.728,0.666666667
2004-08-23,80,0.729,0.666666667
2004-08-24,80,0.729,0.666666667
2004-08-25,80,0.73,0.666666667
2004-08-26,80,0.73,0.666666667
2004-08-27,80,0.731,0.666666667
2004-08-28,80,0.731,0.666666667
2004-08-29,80,0.732,0.666666667
2004-08-30,80,0.732,0.666666667
2004-08-31,80,0.733,0.666666667
2004-09-01,80,0.733,0.666666667
2004-09-02,80,0.734,0.666666667
2004-09-03,80,0.735,0.666666667
2004-09-04,80,0.735,0.666666667
2004-09-05,80,0.736,0.666666667
2004-09-06,80,0.736,0.666666667
2004-09-07,80,0.737,0.666666667
2004-09-08,80,0.737,0.666666667
2004-09-09,80,0.738,0.666666667
2004-09-10,80,0.738,0.666666667
2004-09-11,80,0.739,0.666666667
2004-09-12,80,0.739,0.666666667
2004-09-13,80,0.74,0.666666667
2004-09-14,80,0.741,0.666666667
2004-09-15,80,0.741,0.666666667
2004-09-16,80,0.742,0.666666667
2004-09-17,80,0.742,0.666666667
2004-09-18,80,0.743,0.666666667
2004-09-19,80,0.743,0.666666667
2004-09-20,80,0.744,0.666666667
2004-09-21,80,0.744,0.666666667
2004-09-22,80,0.745,0.666666667
2004-09-23,80,0.745,0.666666667
2004-09-24,80,0.746,0.666666667
2004-09-25,80,0.747,0.666666667
2004-09-26,80,0.747,0.666666667
2004-09-27,80,0.748,0.666666667
2004-09-28,80,0.748,0.666666667
2004-09-29,80,0.749,0.666666667
2004-09-30,80,0.749,0.666666667
2004-10-01,80,0.75,0.666666667
2004-10-02,80,0.75,0.666666667
2004-10-03,80,0.751,0.666666667
2004-10-04,80,0.752,0.666666667
2004-10-05,80,0.752,0.666666667
2004-10-06,80,0.753,0.666666667
2004-10-07,80,0.753,0.666666667
2004-10-08,80,0.754,0.666666667
2004-10-09,80,0.754,0.666666667
2004-10-10,80,0.755,0.666666667
2004-10-11,80,0.755,0.666666667
2004-10-12,80,0.756,0.666666667
2004-10-13,80,0.756,0.666666667
2004-10-14,80,0.757,0.666666667
2004-10-15,80,0.758,0.666666667
2004-10-16,80,0.758,0.666666667
2004-10-17,80,0.759,0.666666667
2004-10-18,80,0.759,0.666666667
2004-10-19,80,0.76,0.666666667
2004-10-20,80,0.76,0.666666667
2004-10-21,80,0.761,0.666666667
2004-10-22,80,0.761,0.666666667
2004-10-23,80,0.762,0.666666667
2004-10-24,80,0.762,0.666666667
2004-10-25,80,0.763,0.666666667
2004-10-26,80,0.764,0.666666667
2004-10-27,80,0.764,0.666666667
2004-10-28,80,0.765,0.666666667
2004-10-29,80,0.765,0.666666667
2004-10-30,80,0.766,0.666666667
2004-10-31,80,0.766,0.666666667
2004-11-01,80,0.767,0.666666667
2004-11-02,80,0.767,0.666666667
2004-11-03,80,0.768,0.666666667
2004-11-04,80,0.768,0.666666667
2004-11-05,80,0.769,0.666666667
2004-11-06,80,0.77,0.666666667
2004-11-07,80,0.77,0.666666667
2004-11-08,80,0.771,0.666666667
2004-11-09,80,0.771,0.666666667
2004-11-10,80,0.772,0.666666667
2004-11-11,80,0.772,0.666666667
2004-11-12,80,0.773,0.666666667
2004-11-13,80,0.773,0.666666667
2004-11-14,80,0.774,0.666666667
2004-11-15,80,0.774,0.666666667
2004-11-16,80,0.775,0.666666667
2004-11-17,80,0.776,0.666666667
2004-11-18,80,0.776,0.666666667
2004-11-19,80,0.777,0.666666667
2004-11-20,80,0.777,0.666666667
2004-11-21,80,0.778,0.666666667
2004-11-22,80,0.778,0.666666667
2004-11-23,80,0.779,0.666666667
2004-11-24,80,0.779,0.666666667
2004-11-25,80,0.78,0.666666667
2004-11-26,80,0.781,0.666666667
2004-11-27,80,0.781,0.666666667
2004-11-28,80,0.782,0.666666667
2004-11-29,80,0.782,0.666666667
2004-11-30,80,0.783,0.666666667
2004-12-01,80,0.783,0.666666667
2004-12-02,80,0.784,0.666666667
2004-12-03,80,0.784,0.666666667
2004-12-04,80,0.785,0.666666667
2004-12-05,80,0.785,0.666666667
2004-12-06,80,0.786,0.666666667
2004-12-07,80,0.787,0.666666667
2004-12-08,80,0.787,0.666666667
2004-12-09,80,0.788,0.666666667
2004-12-10,80,0.788,0.666666667
2004-12-11,80,0.789,0.666666667
2004-12-12,80,0.789,0.666666667
2004-12-13,80,0.79,0.666666667
2004-12-14,80,0.79,0.666666667
2004-12-15,80,0.791,0.666666667
2004-12-16,80,0.791,0.666666667
2004-12-17,80,0.792,0.666666667
2004-12-18,80,0.793,0.666666667
2004-12-19,80,0.793,0.666666667
2004-12-20,80,0.794,0.666666667
2004-12-21,80,0.794,0.666666667
2004-12-22,80,0.795,0.666666667
2004-12-23,80,0.795,0.666666667
2004-12-24,80,0.796,0.666666667
2004-12-25,80,0.796,0.666666667
2004-12-26,80,0.797,0.666666667
2004-12-27,80,0.797,0.666666667
2004-12-28,80,0.798,0.666666667
2004-12-29,80,0.799,0.666666667
2004-12-30,80,0.799,0.666666667
2004-12-31,80,0.8,0.666666667
2005-01-01,40,0.8,0.333333333
2005-01-02,40,0.801,0.333333333
2005-01-03,40,0.801,0.333333333
2005-01-04,40,0.802,0.333333333
2005-01-05,40,0.802,0.333333333
2005-01-06,40,0.803,0.333333333
2005-01-07,40,0.804,0.333333333
2005-01-08,40,0.804,0.333333333
2005-01-09,40,0.805,0.333333333
2005-01-10,40,0.805,0.333333333
2005-01-11,40,0.806,0.333333333
2005-01-12,40,0.806,0.333333333
2005-01-13,40,0.807,0.333333333
2005-01-14,40,0.807,0.333333333
2005-01-15,40,0.808,0.333333333
2005-01-16,40,0.808,0.333333333
2005-01-17,40,0.809,0.333333333
2005-01-18,40,0.81,0.333333333
2005-01-19,40,0.81,0.333333333
2005-01-20,40,0.811,0.333333333
2005-01-21,40,0.811,0.333333333
2005-01-22,40,0.812,0.333333333
2005-01-23,40,0.812,0.333333333
2005-01-24,40,0.813,0.333333333
2005-01-25,40,0.813,0.333333333
2005-01-26,40,0.814,0.333333333
2005-01-27,40,0.814,0.333333333
2005-01-28,40,0.815,0.333333333
2005-01-29,40,0.816,0.333333333
2005-01-30,40,0.816,0.333333333
2005-01-31,40,0.817,0.333333333
2005-02-01,40,0.817,0.333333333
2005-02-02,40,0.818,0.333333333
2005-02-03,40,0.818,0.333333333
2005-02-04,40,0.819,0.333333333
2005-02-05,40,0.819,0.333333333
2005-02-06,40,0.82,0.333333333
2005-02-07,40,0.82,0.333333333
2005-02-08,40,0.821,0.333333333
2005-02-09,40,0.822,0.333333333
2005-02-10,40,0.822,0.333333333
2005-02-11,40,0.823,0.333333333
2005-02-12,40,0.823,0.333333333
2005-02-13,40,0.824,0.333333333
2005-02-14,40,0.824,0.333333333
2005-02-15,40,0.825,0.333333333
2005-02-16,40,0.825,0.333333333
2005-02-17,40,0.826,0.333333333
2005-02-18,40,0.826,0.333333333
2005-02-19,40,0.827,0.333333333
2005-02-20,40,0.828,0.333333333
2005-02-21,40,0.828,0.333333333
2005-02-22,40,0.829,0.333333333
2005-02-23,40,0.829,0.333333333
2005-02-24,40,0.83,0.333333333
2005-02-25,40,0.83,0.333333333
2005-02-26,40,0.831,0.333333333
2005-02-27,40,0.831,0.333333333
2005-02-28,40,0.832,0.333333333
2005-03-01,40,0.833,0.333333333
2005-03-02,40,0.833,0.333333333
2005-03-03,40,0.834,0.333333333
2005-03-04,40,0.834,0.333333333
2005-03-05,40,0.835,0.333333333
2005-03-06,40,0.835,0.333333333
2005-03-07,40,0.836,0.333333333
2005-03-08,40,0.836,0.333333333
2005-03-09,40,0.837,0.333333333
2005-03-10,40,0.837,0.333333333
2005-03-11,40,0.838,0.333333333
2005-03-12,40,0.839,0.333333333
2005-03-13,40,0.839,0.333333333
2005-03-14,40,0.84,0.333333333
2005-03-15,40,0.84,0.333333333
2005-03-16,40,0.841,0.333333333
2005-03-17,40,0.841,0.333333333
2005-03-18,40,0.842,0.333333333
2005-03-19,40,0.842,0.333333333
2005-03-20,40,0.843,0.333333333
2005-03-21,40,0.843,0.333333333
2005-03-22,40,0.844,0.333333333
2005-03-23,40,0.845,0.333333333
2005-03-24,40,0.845,0.333333333
2005-03-25,40,0.846,0.333333333
2005-03-26,40,0.846,0.333333333
2005-03-27,40,0.847,0.333333333
2005-03-28,40,0.847,0.333333333
2005-03-29,40,0.848,0.333333333
2005-03-30,40,0.848,0.333333333
2005-03-31,40,0.849,0.333333333
2005-04-01,40,0.849,0.333333333
2005-04-02,40,0.85,0.333333333
2005-04-03,40,0.851,0.333333333
2005-04-04,40,0.851,0.333333333
2005-04-05,40,0.852,0.333333333
2005-04-06,40,0.852,0.333333333
2005-04-07,40,0.853,0.333333333
2005-04-08,40,0.853,0.333333333
2005-04-09,40,0.854,0.333333333
2005-04-10,40,0.854,0.333333333
2005-04-11,40,0.855,0.333333333
2005-04-12,40,0.856,0.333333333
2005-04-13,40,0.856,0.333333333
2005-04-14,40,0.857,0.333333333
2005-04-15,40,0.857,0.333333333
2005-04-16,40,0.858,0.333333333
2005-04-17,40,0.858,0.333333333
2005-04-18,40,0.859,0.333333333
2005-04-19,40,0.859,0.333333333
2005-04-20,40,0.86,0.333333333
2005-04-21,40,0.86,0.333333333
2005-04-22,40,0.861,0.333333333
2005-04-23,40,0.862,0.333333333
2005-04-24,40,0.862,0.333333333
2005-04-25,40,0.863,0.333333333
2005-04-26,40,0.863,0.333333333
2005-04-27,40,0.864,0.333333333
2005-04-28,40,0.864,0.333333333
2005-04-29,40,0.865,0.333333333
2005-04-30,40,0.865,0.333333333
2005-05-01,40,0.866,0.333333333
2005-05-02,40,0.866,0.333333333
2005-05-03,40,0.867,0.333333333
2005-05-04,40,0.868,0.333333333
2005-05-05,40,0.868,0.333333333
2005-05-06,40,0.869,0.333333333
2005-05-07,40,0.869,0.333333333
2005-05-08,40,0.87,0.333333333
2005-05-09,40,0.87,0.333333333
2005-05-10,40,0.871,0.333333333
2005-05-11,40,0.871,0.333333333
2005-05-12,40,0.872,0.333333333
2005-05-13,40,0.872,0.333333333
2005-05-14,40,0.873,0.333333333
2005-05-15,40,0.874,0.333333333
2005-05-16,40,0.874,0.333333333
2005-05-17,40,0.875,0.333333333
2005-05-18,40,0.875,0.333333333
2005-05-19,40,0.876,0.333333333
2005-05-20,40,0.876,0.333333333
2005-05-21,40,0.877,0.333333333
2005-05-22,40,0.877,0.333333333
2005-05-23,40,0.878,0.333333333
2005-05-24,40,0.878,0.333333333
2005-05-25,40,0.879,0.333333333
2005-05-26,40,0.88,0.333333333
2005-05-27,40,0.88,0.333333333
2005-05-28,40,0.881,0.333333333
2005-05-29,40,0.881,0.333333333
2005-05-30,40,0.882,0.333333333
2005-05-31,40,0.882,0.333333333
2005-06-01,40,0.883,0.333333333
2005-06-02,40,0.883,0.333333333
2005-06-03,40,0.884,0.333333333
2005-06-04,40,0.885,0.333333333
2005-06-05,40,0.885,0.333333333
2005-06-06,40,0.886,0.333333333
2005-06-07,40,0.886,0.333333333
2005-06-08,40,0.887,0.333333333
2005-06-09,40,0.887,0.333333333
2005-06-10,40,0.888,0.333333333
2005-06-11,40,0.888,0.333333333
2005-06-12,40,0.889,0.333333333
2005-06-13,40,0.889,0.333333333
2005-06-14,40,0.89,0.333333333
2005-06-15,40,0.891,0.333333333
2005-06-16,40,0.891,0.333333333
2005-06-17,40,0.892,0.333333333
2005-06-18,40,0.892,0.333333333
2005-06-19,40,0.893,0.333333333
2005-06-20,40,0.893,0.333333333
2005-06-21,40,0.894,0.333333333
2005-06-22,40,0.894,0.333333333
2005-06-23,40,0.895,0.333333333
2005-06-24,40,0.895,0.333333333
2005-06-25,40,0.896,0.333333333
2005-06-26,40,0.897,0.333333333
2005-06-27,40,0.897,0.333333333
2005-06-28,40,0.898,0.333333333
2005-06-29,40,0.898,0.333333333
2005-06-30,40,0.899,0.333333333
2005-07-01,40,0.899,0.333333333
2005-07-02,40,0.9,0.333333333
2005-07-03,40,0.9,0.333333333
2005-07-04,40,0.901,0.333333333
2005-07-05,40,0.901,0.333333333
2005-07-06,40,0.902,0.333333333
2005-07-07,40,0.903,0.333333333
2005-07-08,40,0.903,0.333333333
2005-07-09,40,0.904,0.333333333
2005-07-10,40,0.904,0.333333333
2005-07-11,40,0.905,0.333333333
2005-07-12,40,0.905,0.333333333
2005-07-13,40,0.906,0.333333333
2005-07-14,40,0.906,0.333333333
2005-07-15,40,0.907,0.333333333
2005-07-16,40,0.907,0.333333333
2005-07-17,40,0.908,0.333333333
2005-07-18,40,0.909,0.333333333
2005-07-19,40,0.909,0.333333333
2005-07-20,40,0.91,0.333333333
2005-07-21,40,0.91,0.333333333
2005-07-22,40,0.911,0.333333333
2005-07-23,40,0.911,0.333333333
2005-07-24,40,0.912,0.333333333
2005-07-25,40,0.912,0.333333333
2005-07-26,40,0.913,0.333333333
2005-07-27,40,0.914,0.333333333
2005-07-28,40,0.914,0.333333333
2005-07-29,40,0.915,0.333333333
2005-07-30,40,0.915,0.333333333
2005-07-31,40,0.916,0.333333333
2005-08-01,40,0.916,0.333333333
2005-08-02,40,0.917,0.333333333
2005-08-03,40,0.917,0.333333333
2005-08-04,40,0.918,0.333333333
2005-08-05,40,0.918,0.333333333
2005-08-06,40,0.919,0.333333333
2005-08-07,40,0.92,0.333333333
2005-08-08,40,0.92,0.333333333
2005-08-09,40,0.921,0.333333333
2005-08-10,40,0.921,0.333333333
2005-08-11,40,0.922,0.333333333
2005-08-12,40,0.922,0.333333333
2005-08-13,40,0.923,0.333333333
2005-08-14,40,0.923,0.333333333
2005-08-15,40,0.924,0.333333333
2005-08-16,40,0.924,0.333333333
2005-08-17,40,0.925,0.333333333
2005-08-18,40,0.926,0.333333333
2005-08-19,40,0.926,0.333333333
2005-08-20,40,0.927,0.333333333
2005-08-21,40,0.927,0.333333333
2005-08-22,40,0.928,0.333333333
2005-08-23,40,0.928,0.333333333
2005-08-24,40,0.929,0.333333333
2005-08-25,40,0.929,0.333333333
2005-08-26,40,0.93,0.333333333
2005-08-27,40,0.93,0.333333333
2005-08-28,40,0.931,0.333333333
2005-08-29,40,0.932,0.333333333
2005-08-30,40,0.932,0.333333333
2005-08-31,40,0.933,0.333333333
2005-09-01,40,0.933,0.333333333
2005-09-02,40,0.934,0.333333333
2005-09-03,40,0.934,0.333333333
2005-09-04,40,0.935,0.333333333
2005-09-05,40,0.935,0.333333333
2005-09-06,40,0.936,0.333333333
2005-09-07,40,0.937,0.333333333
2005-09-08,40,0.937,0.333333333
2005-09-09,40,0.938,0.333333333
2005-09-10,40,0.938,0.333333333
2005-09-11,40,0.939,0.333333333
2005-09-12,40,0.939,0.333333333
2005-09-13,40,0.94,0.333333333
2005-09-14,40,0.94,0.333333333
2005-09-15,40,0.941,0.333333333
2005-09-16,40,0.941,0.333333333
2005-09-17,40,0.942,0.333333333
2005-09-18,40,0.943,0.333333333
2005-09-19,40,0.943,0.333333333
2005-09-20,40,0.944,0.333333333
2005-09-21,40,0.944,0.333333333
2005-09-22,40,0.945,0.333333333
2005-09-23,40,0.945,0.333333333
2005-09-24,40,0.946,0.333333333
2005-09-25,40,0.946,0.333333333
2005-09-26,40,0.947,0.333333333
2005-09-27,40,0.947,0.333333333
2005-09-28,40,0.948,0.333333333
2005-09-29,40,0.949,0.333333333
2005-09-30,40,0.949,0.333333333
2005-10-01,40,0.95,0.333333333
2005-10-02,40,0.95,0.333333333
2005-10-03,40,0.951,0.333333333
2005-10-04,40,0.951,0.333333333
2005-10-05,40,0.952,0.333333333
2005-10-06,40,0.952,0.333333333
2005-10-07,40,0.953,0.333333333
2005-10-08,40,0.953,0.333333333
2005-10-09,40,0.954,0.333333333
2005-10-10,40,0.955,0.333333333
2005-10-11,40,0.955,0.333333333
2005-10-12,40,0.956,0.333333333
2005-10-13,40,0.956,0.333333333
2005-10-14,40,0.957,0.333333333
2005-10-15,40,0.957,0.333333333
2005-10-16,40,0.958,0.333333333
2005-10-17,40,0.958,0.333333333
2005-10-18,40,0.959,0.333333333
2005-10-19,40,0.959,0.333333333
2005-10-20,40,0.96,0.333333333
2005-10-21,40,0.961,0.333333333
2005-10-22,40,0.961,0.333333333
2005-10-23,40,0.962,0.333333333
2005-10-24,40,0.962,0.333333333
2005-10-25,40,0.963,0.333333333
2005-10-26,40,0.963,0.333333333
2005-10-27,40,0.964,0.333333333
2005-10-28,40,0.964,0.333333333
2005-10-29,40,0.965,0.333333333
2005-10-30,40,0.966,0.333333333
2005-10-31,40,0.966,0.333333333
2005-11-01,40,0.967,0.333333333
2005-11-02,40,0.967,0.333333333
2005-11-03,40,0.968,0.333333333
2005-11-04,40,0.968,0.333333333
2005-11-05,40,0.969,0.333333333
2005-11-06,40,0.969,0.333333333
2005-11-07,40,0.97,0.333333333
2005-11-08,40,0.97,0.333333333
2005-11-09,40,0.971,0.333333333
2005-11-10,40,0.972,0.333333333
2005-11-11,40,0.972,0.333333333
2005-11-12,40,0.973,0.333333333
2005-11-13,40,0.973,0.333333333
2005-11-14,40,0.974,0.333333333
2005-11-15,40,0.974,0.333333333
2005-11-16,40,0.975,0.333333333
2005-11-17,40,0.975,0.333333333
2005-11-18,40,0.976,0.333333333
2005-11-19,40,0.976,0.333333333
2005-11-20,40,0.977,0.333333333
2005-11-21,40,0.978,0.333333333
2005-11-22,40,0.978,0.333333333
2005-11-23,40,0.979,0.333333333
2005-11-24,40,0.979,0.333333333
2005-11-25,40,0.98,0.333333333
2005-11-26,40,0.98,0.333333333
2005-11-27,40,0.981,0.333333333
2005-11-28,40,0.981,0.333333333
2005-11-29,40,0.982,0.333333333
2005-11-30,40,0.982,0.333333333
2005-12-01,40,0.983,0.333333333
2005-12-02,40,0.984,0.333333333
2005-12-03,40,0.984,0.333333333
2005-12-04,40,0.985,0.333333333
2005-12-05,40,0.985,0.333333333
2005-12-06,40,0.986,0.333333333
2005-12-07,40,0.986,0.333333333
2005-12-08,40,0.987,0.333333333
2005-12-09,40,0.987,0.333333333
2005-12-10,40,0.988,0.333333333
2005-12-11,40,0.989,0.333333333
2005-12-12,40,0.989,0.333333333
2005-12-13,40,0.99,0.333333333
2005-12-14,40,0.99,0.333333333
2005-12-15,40,0.991,0.333333333
2005-12-16,40,0.991,0.333333333
2005-12-17,40,0.992,0.333333333
2005-12-18,40,0.992,0.333333333
2005-12-19,40,0.993,0.333333333
2005-12-20,40,0.993,0.333333333
2005-12-21,40,0.994,0.333333333
2005-12-22,40,0.995,0.333333333
2005-12-23,40,0.995,0.333333333
2005-12-24,40,0.996,0.333333333
2005-12-25,40,0.996,0.333333333
2005-12-26,40,0.997,0.333333333
2005-12-27,40,0.997,0.333333333
2005-12-28,40,0.998,0.333333333
2005-12-29,40,0.998,0.333333333
2005-12-30,40,0.999,0.333333333
2005-12-31,40,0.999,0.333333333
2006-01-01,0,1,0
